<account xmlns="http://exist-db.org/Configuration" id="1048574"><password>{RIPEMD160}o66sDQUzAN0VAHnWKuPeIYxyEOo=</password><digestPassword>8e043d90a816c8f586474296a18ff2dc65df0769</digestPassword><group name="dba"/><group name="nelson"/><group name="hamilton"/><group name="newsanalysis"/><group name="pacific"/><group name="dickinson"/><group name="toscana"/><group name="dh-group"/><group name="dh-mentors"/><group name="overholt"/><group name="rickandmorty"/><group name="akira"/><group name="lope"/><group name="banksy"/><group name="ulysses"/><group name="bloodborne"/><group name="pokemon"/><group name="rocket"/><group name="brandnew"/><group name="teentitans"/><group name="railroad"/><group name="holmes"/><group name="disneysongs"/><group name="disneySongs"/><group name="disneysongs"/><group name="blues"/><group name="loz"/><group name="grimm"/><group name="kingdomhearts"/><group name="assassins"/><expired>false</expired><enabled>true</enabled><umask>022</umask><metadata key="http://axschema.org/namePerson">admin</metadata><metadata key="http://exist-db.org/security/description">System Administrator</metadata><name>admin</name></account>