<account xmlns="http://exist-db.org/Configuration" id="70"><password>{RIPEMD160}TI/1FX1PJo/OQFRjiCMeb59p3DQ=</password><digestPassword>1e1b59e8f8611575f56bb2cb9b77bfa7dd0726bf</digestPassword><group name="ajm7408"/><group name="dh-group"/><group name="kingdomhearts"/><expired>false</expired><enabled>true</enabled><umask>022</umask><metadata key="http://exist-db.org/security/description">DIGIT student</metadata><metadata key="http://axschema.org/namePerson">Austin Murry</metadata><name>ajm7408</name></account>