<account xmlns="http://exist-db.org/Configuration" id="34"><password>{RIPEMD160}2J1AI2e3MYcddSktQqImVxKrWss=</password><digestPassword>ddb5d3c4145364ce47bfa48c8136ebd05c857e33</digestPassword><group name="dh-group"/><group name="alnopa"/><group name="banksy"/><group name="dba"/><group name="rocket"/><group name="brandnew"/><group name="teentitans"/><group name="railroad"/><expired>false</expired><enabled>true</enabled><umask>022</umask><metadata key="http://axschema.org/namePerson">Alyssa Argento</metadata><name>alnopa</name></account>