<account xmlns="http://exist-db.org/Configuration" id="79"><password>{RIPEMD160}TI/1FX1PJo/OQFRjiCMeb59p3DQ=</password><digestPassword>fa5f817e64d1acd47e930ac5eb30e63c327b366c</digestPassword><group name="amw6765"/><group name="dh-group"/><group name="assassins"/><expired>false</expired><enabled>true</enabled><umask>022</umask><metadata key="http://exist-db.org/security/description">DIGIT student</metadata><metadata key="http://axschema.org/namePerson">Anthony Wlodarczyk</metadata><name>amw6765</name></account>