<account xmlns="http://exist-db.org/Configuration" id="78"><password>{RIPEMD160}TI/1FX1PJo/OQFRjiCMeb59p3DQ=</password><digestPassword>18e716f54d9a12837549dd95dfc065bfe5b52843</digestPassword><group name="auw600"/><group name="dh-group"/><group name="disneySongs"/><group name="disneysongs"/><expired>false</expired><enabled>true</enabled><umask>022</umask><metadata key="http://exist-db.org/security/description">DIGIT student</metadata><metadata key="http://axschema.org/namePerson">Amaya Willis</metadata><name>auw600</name></account>