<account xmlns="http://exist-db.org/Configuration" id="35"><password>{RIPEMD160}2J1AI2e3MYcddSktQqImVxKrWss=</password><digestPassword>ee4692db484231177ee75261bc98f6242a783aee</digestPassword><group name="dh-group"/><group name="bmt45"/><group name="ulysses"/><group name="rocket"/><group name="brandnew"/><group name="teentitans"/><group name="railroad"/><group name="dh-mentors"/><expired>false</expired><enabled>true</enabled><umask>022</umask><metadata key="http://exist-db.org/security/description"/><metadata key="http://axschema.org/namePerson">Brad Thomas</metadata><name>bmt45</name></account>