<account xmlns="http://exist-db.org/Configuration" id="30"><password>{RIPEMD160}2J1AI2e3MYcddSktQqImVxKrWss=</password><digestPassword>94c7bd91c5dce8809c0c667620264f8440360eec</digestPassword><group name="dh-group"/><group name="drl43"/><group name="rickandmorty"/><group name="dh-mentors"/><expired>false</expired><enabled>true</enabled><umask>022</umask><metadata key="http://exist-db.org/security/description"/><metadata key="http://axschema.org/namePerson">Dorothea Lint</metadata><name>drl43</name></account>