<account xmlns="http://exist-db.org/Configuration" id="68"><password>{RIPEMD160}TI/1FX1PJo/OQFRjiCMeb59p3DQ=</password><digestPassword>ad50e8e2f78199036b05f0a223a2d31ea6e9321b</digestPassword><group name="dxh405"/><group name="dh-group"/><group name="assassins"/><expired>false</expired><enabled>true</enabled><umask>022</umask><metadata key="http://exist-db.org/security/description">DIGIT student</metadata><metadata key="http://axschema.org/namePerson">Daniel Hough</metadata><name>dxh405</name></account>