<account xmlns="http://exist-db.org/Configuration" id="69"><password>{RIPEMD160}TI/1FX1PJo/OQFRjiCMeb59p3DQ=</password><digestPassword>a1298671ea1fe3687bc2d6668e0dd3a4de7a16be</digestPassword><group name="eul85"/><group name="dh-group"/><group name="grimm"/><expired>false</expired><enabled>true</enabled><umask>022</umask><metadata key="http://exist-db.org/security/description">DIGIT student</metadata><metadata key="http://axschema.org/namePerson">Emily Levi</metadata><name>eul85</name></account>