<account xmlns="http://exist-db.org/Configuration" id="40"><password>{RIPEMD160}2J1AI2e3MYcddSktQqImVxKrWss=</password><digestPassword>daf54619000d4d178e51234328bfae894e5bcb38</digestPassword><group name="dh-group"/><group name="frc23"/><group name="ulysses"/><group name="rocket"/><group name="brandnew"/><group name="teentitans"/><group name="railroad"/><group name="dh-mentors"/><expired>false</expired><enabled>true</enabled><umask>022</umask><metadata key="http://exist-db.org/security/description"/><metadata key="http://axschema.org/namePerson">Fiona Carter</metadata><name>frc23</name></account>