<account xmlns="http://exist-db.org/Configuration" id="64"><password>{RIPEMD160}TI/1FX1PJo/OQFRjiCMeb59p3DQ=</password><digestPassword>f01c416d5e53a731e94db95226071324ae661e16</digestPassword><group name="ice5017"/><group name="dh-group"/><group name="assassins"/><expired>false</expired><enabled>true</enabled><umask>022</umask><metadata key="http://exist-db.org/security/description">DIGIT student</metadata><metadata key="http://axschema.org/namePerson">Isaac Esterline</metadata><name>ice5017</name></account>