<account xmlns="http://exist-db.org/Configuration" id="19"><password>{RIPEMD160}2J1AI2e3MYcddSktQqImVxKrWss=</password><digestPassword>cae1146c22fb00ad80c54716f6306cd2d53cf8b1</digestPassword><group name="dh-group"/><group name="jmh237"/><group name="newsanalysis"/><group name="dh-mentors"/><group name="overholt"/><group name="rickandmorty"/><group name="akira"/><group name="lope"/><expired>false</expired><enabled>true</enabled><umask>022</umask><metadata key="http://axschema.org/namePerson">Jon Horanic</metadata><name>jmh237</name></account>