<account xmlns="http://exist-db.org/Configuration" id="77"><password>{RIPEMD160}TI/1FX1PJo/OQFRjiCMeb59p3DQ=</password><digestPassword>aa2f8625000bfb6d9bc8e6b10beb4549a66b4eb5</digestPassword><group name="jrw5970"/><group name="dh-group"/><group name="loz"/><expired>false</expired><enabled>true</enabled><umask>022</umask><metadata key="http://exist-db.org/security/description">DIGIT student</metadata><metadata key="http://axschema.org/namePerson">Joel Watson</metadata><name>jrw5970</name></account>