<account xmlns="http://exist-db.org/Configuration" id="62"><password>{RIPEMD160}TI/1FX1PJo/OQFRjiCMeb59p3DQ=</password><digestPassword>1046ef1b8b49a10549edf7e3add75b864503308f</digestPassword><group name="jub405"/><group name="dh-group"/><group name="kingdomhearts"/><expired>false</expired><enabled>true</enabled><umask>022</umask><metadata key="http://exist-db.org/security/description">DIGIT student</metadata><metadata key="http://axschema.org/namePerson">Jesse Beckwith</metadata><name>jub405</name></account>