<account xmlns="http://exist-db.org/Configuration" id="67"><password>{RIPEMD160}TI/1FX1PJo/OQFRjiCMeb59p3DQ=</password><digestPassword>0a161ab3925876f8e11df7ec6723be6450810044</digestPassword><group name="kmh6907"/><group name="dh-group"/><group name="blues"/><expired>false</expired><enabled>true</enabled><umask>022</umask><metadata key="http://exist-db.org/security/description">DIGIT student</metadata><metadata key="http://axschema.org/namePerson">Katharine Hendricks</metadata><name>kmh6907</name></account>