<account xmlns="http://exist-db.org/Configuration" id="15"><password>{RIPEMD160}2J1AI2e3MYcddSktQqImVxKrWss=</password><digestPassword>be676d10ba340d79ca097c435f9ee3f13bb07862</digestPassword><group name="nelson"/><group name="lottig"/><group name="dickinson"/><group name="dh-group"/><expired>false</expired><enabled>true</enabled><umask>022</umask><metadata key="http://axschema.org/namePerson">Nicole Lottig</metadata><metadata key="http://exist-db.org/security/description"/><name>lottig</name></account>