<account xmlns="http://exist-db.org/Configuration" id="63"><password>{RIPEMD160}TI/1FX1PJo/OQFRjiCMeb59p3DQ=</password><digestPassword>4387bfcd262fc4b3e64a335cb1c8104905c89dc5</digestPassword><group name="mqb5995"/><group name="dh-group"/><group name="blues"/><expired>false</expired><enabled>true</enabled><umask>022</umask><metadata key="http://exist-db.org/security/description">DIGIT student</metadata><metadata key="http://axschema.org/namePerson">Mia Borgia</metadata><name>mqb5995</name></account>