<account xmlns="http://exist-db.org/Configuration" id="71"><password>{RIPEMD160}TI/1FX1PJo/OQFRjiCMeb59p3DQ=</password><digestPassword>6a28445883d9ffd423c87f5f340d261c6bb1ab14</digestPassword><group name="nrm5383"/><group name="dh-group"/><group name="grimm"/><expired>false</expired><enabled>true</enabled><umask>022</umask><metadata key="http://exist-db.org/security/description">DIGIT student</metadata><metadata key="http://axschema.org/namePerson">Natalya Myers</metadata><name>nrm5383</name></account>