<account xmlns="http://exist-db.org/Configuration" id="22"><password>{RIPEMD160}2J1AI2e3MYcddSktQqImVxKrWss=</password><digestPassword>5b7276aa9ca192f07b9cd94250679ca32d2b301e</digestPassword><group name="dh-group"/><group name="quantumsatire"/><group name="rickandmorty"/><group name="akira"/><expired>false</expired><enabled>true</enabled><umask>022</umask><metadata key="http://axschema.org/namePerson">Allyson Hall</metadata><metadata key="http://exist-db.org/security/description"/><name>quantumsatire</name></account>