<account xmlns="http://exist-db.org/Configuration" id="66"><password>{RIPEMD160}TI/1FX1PJo/OQFRjiCMeb59p3DQ=</password><digestPassword>147a926e59c7d902deb8def905c74f9158217eaa</digestPassword><group name="rgg5144"/><group name="dh-group"/><group name="loz"/><expired>false</expired><enabled>true</enabled><umask>022</umask><metadata key="http://exist-db.org/security/description">DIGIT student</metadata><metadata key="http://axschema.org/namePerson">Rachel Gerzevske</metadata><name>rgg5144</name></account>