<account xmlns="http://exist-db.org/Configuration" id="14"><password>{RIPEMD160}2J1AI2e3MYcddSktQqImVxKrWss=</password><digestPassword>0f874c269f2baf637ca3c26b7ac46cc792f8fa7d</digestPassword><group name="nelson"/><group name="rparker"/><group name="dickinson"/><group name="dh-group"/><group name="dh-mentors"/><expired>false</expired><enabled>true</enabled><umask>022</umask><metadata key="http://axschema.org/namePerson">Rebecca Parker</metadata><metadata key="http://exist-db.org/security/description"/><name>rparker</name></account>