<account xmlns="http://exist-db.org/Configuration" id="72"><password>{RIPEMD160}TI/1FX1PJo/OQFRjiCMeb59p3DQ=</password><digestPassword>06c825c0da6e85aa1546c9392aff8872274d8d62</digestPassword><group name="sao5303"/><group name="dh-group"/><group name="kingdomhearts"/><expired>false</expired><enabled>true</enabled><umask>022</umask><metadata key="http://exist-db.org/security/description">DIGIT student</metadata><metadata key="http://axschema.org/namePerson">Sebastian Ortiz</metadata><name>sao5303</name></account>