<account xmlns="http://exist-db.org/Configuration" id="65"><password>{RIPEMD160}TI/1FX1PJo/OQFRjiCMeb59p3DQ=</password><digestPassword>46984bf6c7cffa3a519e05a390c50eba83176ad3</digestPassword><group name="stf5123"/><group name="dh-group"/><group name="grimm"/><expired>false</expired><enabled>true</enabled><umask>022</umask><metadata key="http://exist-db.org/security/description">DIGIT student</metadata><metadata key="http://axschema.org/namePerson">Sheridan Fassett</metadata><name>stf5123</name></account>