<account xmlns="http://exist-db.org/Configuration" id="74"><password>{RIPEMD160}TI/1FX1PJo/OQFRjiCMeb59p3DQ=</password><digestPassword>46af0ef2d17cc9618e5b9bf321b8b8b2fa7e72e4</digestPassword><group name="tjs6551"/><group name="dh-group"/><group name="disneySongs"/><group name="disneysongs"/><expired>false</expired><enabled>true</enabled><umask>022</umask><metadata key="http://exist-db.org/security/description">DIGIT student</metadata><metadata key="http://axschema.org/namePerson">Thomas Sheehy</metadata><name>tjs6551</name></account>