<collection xmlns="http://exist.sourceforge.net/NS/exist" name="/db" owner="SYSTEM" group="dba" mode="755" created="2020-08-07T01:27:59-04:00" deduplicate-blobs="false" version="2">
    <acl entries="0" version="1"/>
    <resource type="BinaryResource" name="ebb_typeswitchToHTML.xql" owner="admin" group="dba" mode="644" created="2020-08-07T21:17:36-04:00" modified="2020-08-07T21:17:36-04:00" filename="ebb_typeswitchToHTML.xql" mimetype="application/xquery" blob-id="581f7756720733cfc6a66669f4305c6005bf1714f2e6e76a57687577e5ec3ac9">
        <acl entries="0" version="1"/>
    </resource>
    <resource type="BinaryResource" name="ebb_typeswitch.xql" owner="admin" group="dba" mode="644" created="2020-08-07T21:17:36-04:00" modified="2020-08-07T21:17:36-04:00" filename="ebb_typeswitch.xql" mimetype="application/xquery" blob-id="14aabbd718f117b7b599d2c239808ccbdef4f58ed9762dc393e38f71d472666c">
        <acl entries="0" version="1"/>
    </resource>
    <resource type="BinaryResource" name="waldenFT-digging.xql" owner="admin" group="dba" mode="755" created="2021-01-06T21:21:45-05:00" modified="2021-01-06T21:21:45-05:00" filename="waldenFT-digging.xql" mimetype="application/xquery" blob-id="eb716f0ff6415342fdb93c7deb18b8cfb97b77243e94beeb1b0a47ed76911821">
        <acl entries="0" version="1"/>
    </resource>
    <resource type="BinaryResource" name="draft_query_mez_collection_titleStmt_title" owner="admin" group="dba" mode="644" created="2020-08-07T21:17:41-04:00" modified="2020-08-07T21:17:41-04:00" filename="draft_query_mez_collection_titleStmt_title" mimetype="application/xml" blob-id="083a24a00d2107f0a39f5ab15e3fb57fb807c582787ec92b256e8880d3842b0e">
        <acl entries="0" version="1"/>
    </resource>
    <subcollection name="system" filename="system"/>
    <subcollection name="apps" filename="apps"/>
    <subcollection name="waldenft" filename="waldenft"/>
    <subcollection name="ulysses" filename="ulysses"/>
    <subcollection name="triplette" filename="triplette"/>
    <subcollection name="toscana" filename="toscana"/>
    <subcollection name="tibetan" filename="tibetan"/>
    <subcollection name="testing" filename="testing"/>
    <subcollection name="teentitans" filename="teentitans"/>
    <subcollection name="shd79" filename="shd79"/>
    <subcollection name="Schism" filename="Schism"/>
    <subcollection name="Samantha-McGugian" filename="Samantha-McGugian"/>
    <subcollection name="rwf17" filename="rwf17"/>
    <subcollection name="rParker" filename="rParker"/>
    <subcollection name="rocket" filename="rocket"/>
    <subcollection name="rickandmorty" filename="rickandmorty"/>
    <subcollection name="rap159" filename="rap159"/>
    <subcollection name="railroad" filename="railroad"/>
    <subcollection name="queries" filename="queries"/>
    <subcollection name="quantumSatire" filename="quantumSatire"/>
    <subcollection name="pokemonMap" filename="pokemonMap"/>
    <subcollection name="ph2046_queries" filename="ph2046_queries"/>
    <subcollection name="pacific" filename="pacific"/>
    <subcollection name="P1-output" filename="P1-output"/>
    <subcollection name="overholt" filename="overholt"/>
    <subcollection name="output" filename="output"/>
    <subcollection name="old-queries" filename="old-queries"/>
    <subcollection name="oHaraQueries" filename="oHaraQueries"/>
    <subcollection name="oHara" filename="oHara"/>
    <subcollection name="npp16" filename="npp16"/>
    <subcollection name="newsAnalysis" filename="newsAnalysis"/>
    <subcollection name="Nelson_PHP" filename="Nelson_PHP"/>
    <subcollection name="Nelson" filename="Nelson"/>
    <subcollection name="nad100" filename="nad100"/>
    <subcollection name="mitford" filename="mitford"/>
    <subcollection name="marlow" filename="marlow"/>
    <subcollection name="mar270" filename="mar270"/>
    <subcollection name="lope" filename="lope"/>
    <subcollection name="lam289" filename="lam289"/>
    <subcollection name="ksd32" filename="ksd32"/>
    <subcollection name="jonhoranic" filename="jonhoranic"/>
    <subcollection name="jhf20" filename="jhf20"/>
    <subcollection name="JaneAusten" filename="JaneAusten"/>
    <subcollection name="jag240" filename="jag240"/>
    <subcollection name="hamilton" filename="hamilton"/>
    <subcollection name="graveyard" filename="graveyard"/>
    <subcollection name="glj9" filename="glj9"/>
    <subcollection name="ghb" filename="ghb"/>
    <subcollection name="gaskell" filename="gaskell"/>
    <subcollection name="fv-spinecoll" filename="fv-spinecoll"/>
    <subcollection name="frk11" filename="frk11"/>
    <subcollection name="frc23" filename="frc23"/>
    <subcollection name="Erica_queries" filename="Erica_queries"/>
    <subcollection name="Election2012" filename="Election2012"/>
    <subcollection name="ECCOLocat" filename="ECCOLocat"/>
    <subcollection name="ECCO2" filename="ECCO2"/>
    <subcollection name="dtd21" filename="dtd21"/>
    <subcollection name="drl43" filename="drl43"/>
    <subcollection name="djb" filename="djb"/>
    <subcollection name="DigMitCS_Queries" filename="DigMitCS_Queries"/>
    <subcollection name="Dickinson-DHSI" filename="Dickinson-DHSI"/>
    <subcollection name="dickinson" filename="dickinson"/>
    <subcollection name="DHSI-Queries" filename="DHSI-Queries"/>
    <subcollection name="decamQueries" filename="decamQueries"/>
    <subcollection name="decameron" filename="decameron"/>
    <subcollection name="crc114" filename="crc114"/>
    <subcollection name="commentAnalysis" filename="commentAnalysis"/>
    <subcollection name="classExampleQueries" filename="classExampleQueries"/>
    <subcollection name="churchSchism" filename="churchSchism"/>
    <subcollection name="bsf15" filename="bsf15"/>
    <subcollection name="brandnew" filename="brandnew"/>
    <subcollection name="bmt45" filename="bmt45"/>
    <subcollection name="bloodborne" filename="bloodborne"/>
    <subcollection name="blake" filename="blake"/>
    <subcollection name="bim8" filename="bim8"/>
    <subcollection name="bec80" filename="bec80"/>
    <subcollection name="banksy" filename="banksy"/>
    <subcollection name="bab184" filename="bab184"/>
    <subcollection name="awn7" filename="awn7"/>
    <subcollection name="Assignments" filename="Assignments"/>
    <subcollection name="AnnotationToolQs" filename="AnnotationToolQs"/>
    <subcollection name="amp293" filename="amp293"/>
    <subcollection name="alnopa" filename="alnopa"/>
    <subcollection name="alc256" filename="alc256"/>
    <subcollection name="akira" filename="akira"/>
    <subcollection name="ajnewton1" filename="ajnewton1"/>
    <subcollection name="ahunker" filename="ahunker"/>
    <subcollection name="agf33" filename="agf33"/>
    <subcollection name="2020_ClassExamples" filename="2020_ClassExamples"/>
    <subcollection name="2019_ClassExamples" filename="2019_ClassExamples"/>
    <subcollection name="2018_classExQueries" filename="2018_classExQueries"/>
    <subcollection name="Arjuna-XML" filename="Arjuna-XML"/>
    <subcollection name="Arjuna-Queries" filename="Arjuna-Queries"/>
    <subcollection name="waldenQueries" filename="waldenQueries"/>
    <subcollection name="wdjacca" filename="wdjacca"/>
    <subcollection name="holmes" filename="holmes"/>
    <subcollection name="disneySongs" filename="disneySongs"/>
    <subcollection name="2021-ClassExamples" filename="2021-ClassExamples"/>
    <subcollection name="jub405" filename="jub405"/>
    <subcollection name="mqb5995" filename="mqb5995"/>
    <subcollection name="ice5017" filename="ice5017"/>
    <subcollection name="stf5123" filename="stf5123"/>
    <subcollection name="rgg5144" filename="rgg5144"/>
    <subcollection name="kmh6907" filename="kmh6907"/>
    <subcollection name="dxh405" filename="dxh405"/>
    <subcollection name="eul85" filename="eul85"/>
    <subcollection name="ajm7408" filename="ajm7408"/>
    <subcollection name="nrm5383" filename="nrm5383"/>
    <subcollection name="sao5303" filename="sao5303"/>
    <subcollection name="ets5199" filename="ets5199"/>
    <subcollection name="tjs6551" filename="tjs6551"/>
    <subcollection name="jqs6375" filename="jqs6375"/>
    <subcollection name="npv4" filename="npv4"/>
    <subcollection name="jrw5970" filename="jrw5970"/>
    <subcollection name="auw600" filename="auw600"/>
    <subcollection name="amw6765" filename="amw6765"/>
    <subcollection name="assassinsCreed" filename="assassinsCreed"/>
    <subcollection name="zelda" filename="zelda"/>
    <subcollection name="kingdomofhearts" filename="kingdomofhearts"/>
    <subcollection name="grimm" filename="grimm"/>
    <subcollection name="quixote" filename="quixote"/>
    <subcollection name="blues" filename="blues"/>
    <subcollection name="zelda-queries" filename="zelda-queries"/>
    <subcollection name="disneySongs-queries" filename="disneySongs-queries"/>
    <subcollection name="assassinsCreed-queries" filename="assassinsCreed-queries"/>
    <subcollection name="grimm-queries" filename="grimm-queries"/>
    <subcollection name="kingdomofhearts-queries" filename="kingdomofhearts-queries"/>
    <subcollection name="blues-queries" filename="blues-queries"/>
</collection>