<collection xmlns="http://exist.sourceforge.net/NS/exist" name="/db/apps/shared-resources/resources/images" owner="admin" group="dba" mode="775" created="2020-08-07T02:48:30-04:00" deduplicate-blobs="false" version="2">
    <acl entries="0" version="1"/>
    <resource type="XMLResource" name="existdb-web.svg" owner="admin" group="dba" mode="775" created="2020-08-07T02:48:30-04:00" modified="2020-08-07T02:48:30-04:00" filename="existdb-web.svg" mimetype="image/svg+xml">
        <acl entries="0" version="1"/>
    </resource>
    <resource type="XMLResource" name="powered-by.svg" owner="admin" group="dba" mode="775" created="2020-08-07T02:48:30-04:00" modified="2020-08-07T02:48:30-04:00" filename="powered-by.svg" mimetype="image/svg+xml">
        <acl entries="0" version="1"/>
    </resource>
    <resource type="XMLResource" name="powered-by-whiteglass.svg" owner="admin" group="dba" mode="775" created="2020-08-07T02:48:30-04:00" modified="2020-08-07T02:48:30-04:00" filename="powered-by-whiteglass.svg" mimetype="image/svg+xml">
        <acl entries="0" version="1"/>
    </resource>
    <resource type="BinaryResource" name="body-base.gif" owner="admin" group="dba" mode="775" created="2020-08-07T02:48:30-04:00" modified="2020-08-07T02:48:30-04:00" filename="body-base.gif" mimetype="image/gif" blob-id="b98cb87277eb12807a68537844f12994f7af5f42efd77a8de929059e859f7b30">
        <acl entries="0" version="1"/>
    </resource>
    <resource type="BinaryResource" name="header.gif" owner="admin" group="dba" mode="775" created="2020-08-07T02:48:30-04:00" modified="2020-08-07T02:48:30-04:00" filename="header.gif" mimetype="image/gif" blob-id="0338f7f68ac4c3cd3546ffe3b73fa94270350c06d8d7e54189bb075d5e925794">
        <acl entries="0" version="1"/>
    </resource>
    <resource type="BinaryResource" name="noise.png" owner="admin" group="dba" mode="775" created="2020-08-07T02:48:30-04:00" modified="2020-08-07T02:48:30-04:00" filename="noise.png" mimetype="image/png" blob-id="209f8a7f0ce8eb3c58ddd6a6948f5c1be29e6cf82659e07ca780d9dd98012b50">
        <acl entries="0" version="1"/>
    </resource>
    <resource type="BinaryResource" name="exist_icon_16x16.ico" owner="admin" group="dba" mode="775" created="2020-08-07T02:48:30-04:00" modified="2020-08-07T02:48:30-04:00" filename="exist_icon_16x16.ico" mimetype="image/vnd.microsoft.icon" blob-id="e7486f5c0cde7343fc0ee43ce274fe212dc5afec3edfa91b276157b9b1c9c4fa">
        <acl entries="0" version="1"/>
    </resource>
    <resource type="BinaryResource" name="bgmenuhi.gif" owner="admin" group="dba" mode="775" created="2020-08-07T02:48:30-04:00" modified="2020-08-07T02:48:30-04:00" filename="bgmenuhi.gif" mimetype="image/gif" blob-id="f64402306f21bd64ad923e51b1843de744cc61077b605c1386d271a32f3d49d7">
        <acl entries="0" version="1"/>
    </resource>
    <resource type="BinaryResource" name="body.gif" owner="admin" group="dba" mode="775" created="2020-08-07T02:48:30-04:00" modified="2020-08-07T02:48:30-04:00" filename="body.gif" mimetype="image/gif" blob-id="4e42129e6203f2bed94f8cc8ab02f17300bc0446a68cea80a24ba42b6a8d51b3">
        <acl entries="0" version="1"/>
    </resource>
    <resource type="BinaryResource" name="horizontal.gif" owner="admin" group="dba" mode="775" created="2020-08-07T02:48:30-04:00" modified="2020-08-07T02:48:30-04:00" filename="horizontal.gif" mimetype="image/gif" blob-id="08cbb267349b1fefb5972b5ba37ecf8b86fc8b4c9e8ab4a4485216177de8dace">
        <acl entries="0" version="1"/>
    </resource>
    <resource type="BinaryResource" name="bgmenu.gif" owner="admin" group="dba" mode="775" created="2020-08-07T02:48:30-04:00" modified="2020-08-07T02:48:30-04:00" filename="bgmenu.gif" mimetype="image/gif" blob-id="864fe562d332e4384fee91e994c9c183604897bdaef42a59398f8c52ed770e62">
        <acl entries="0" version="1"/>
    </resource>
    <resource type="BinaryResource" name="existdb.png" owner="admin" group="dba" mode="775" created="2020-08-07T02:48:30-04:00" modified="2020-08-07T02:48:30-04:00" filename="existdb.png" mimetype="image/png" blob-id="a86d1c0ba489e2189b15e5d813203b9b9d6e117e9d4d7619b18324b935ea828a">
        <acl entries="0" version="1"/>
    </resource>
</collection>