<collection xmlns="http://exist.sourceforge.net/NS/exist" name="/db/apps/packageservice/resources/images" owner="packageservice" group="eXide" mode="775" created="2020-08-07T02:48:23-04:00" deduplicate-blobs="false" version="2">
    <acl entries="0" version="1"/>
    <resource type="XMLResource" name="error.svg" owner="packageservice" group="eXide" mode="775" created="2020-08-07T02:48:23-04:00" modified="2020-08-07T02:48:23-04:00" filename="error.svg" mimetype="image/svg+xml">
        <acl entries="0" version="1"/>
    </resource>
    <resource type="XMLResource" name="x.svg" owner="packageservice" group="eXide" mode="775" created="2020-08-07T02:48:23-04:00" modified="2020-08-07T02:48:23-04:00" filename="x.svg" mimetype="image/svg+xml">
        <acl entries="0" version="1"/>
    </resource>
    <resource type="BinaryResource" name="package.png" owner="packageservice" group="eXide" mode="775" created="2020-08-07T02:48:23-04:00" modified="2020-08-07T02:48:23-04:00" filename="package.png" mimetype="image/png" blob-id="9866b3e6ddc2ac6604900d6801339893c063bd18d736208b8b8dc06201957d69">
        <acl entries="0" version="1"/>
    </resource>
    <subcollection name="GitHub-Mark" filename="GitHub-Mark"/>
</collection>