<meta xmlns="http://exist-db.org/xquery/repo" xmlns:repo="http://exist-db.org/xquery/repo" xmlns:xs="http://www.w3.org/2001/XMLSchema">
   <description>XQuery Library for Parsing Semantic Versions</description>
   <author id="joewiz">Joe Wicentowski</author>
   <website>https://github.com/eXist-db/semver.xq</website>
   <status>stable</status>
   <license>The 3-Clause BSD License</license>
   <copyright>true</copyright>
   <type>library</type>
<deployed>2020-08-07T02:48:23.051Z</deployed></meta>