<collection xmlns="http://exist.sourceforge.net/NS/exist" name="/db/apps" owner="SYSTEM" group="dba" mode="755" created="2020-08-07T02:48:23-04:00" deduplicate-blobs="false" version="2">
    <acl entries="0" version="1"/>
    <subcollection name="packageservice" filename="packageservice"/>
    <subcollection name="dashboard" filename="dashboard"/>
    <subcollection name="shared-resources" filename="shared-resources"/>
    <subcollection name="eXide" filename="eXide"/>
    <subcollection name="doc" filename="doc"/>
    <subcollection name="markdown" filename="markdown"/>
    <subcollection name="fundocs" filename="fundocs"/>
    <subcollection name="monex" filename="monex"/>
    <subcollection name="shakespeare" filename="shakespeare"/>
</collection>