<collection xmlns="http://exist.sourceforge.net/NS/exist" name="/db/apps/dashboard" owner="SYSTEM" group="dba" mode="755" created="2020-08-07T02:48:27-04:00" deduplicate-blobs="false" version="2">
    <acl entries="0" version="1"/>
    <resource type="XMLResource" name="repo.xml" owner="SYSTEM" group="dba" mode="644" created="2020-08-07T02:48:30-04:00" modified="2020-08-07T02:48:30-04:00" filename="repo.xml" mimetype="application/xml">
        <acl entries="0" version="1"/>
    </resource>
    <resource type="XMLResource" name="expath-pkg.xml" owner="SYSTEM" group="dba" mode="644" created="2020-08-07T02:48:27-04:00" modified="2020-08-07T02:48:27-04:00" filename="expath-pkg.xml" mimetype="application/xml">
        <acl entries="0" version="1"/>
    </resource>
    <resource type="XMLResource" name="guest.html" owner="SYSTEM" group="dba" mode="644" created="2020-08-07T02:48:27-04:00" modified="2020-08-07T02:48:27-04:00" filename="guest.html" mimetype="text/html">
        <acl entries="0" version="1"/>
    </resource>
    <resource type="XMLResource" name="existdb-settings.html" owner="SYSTEM" group="dba" mode="644" created="2020-08-07T02:48:27-04:00" modified="2020-08-07T02:48:27-04:00" filename="existdb-settings.html" mimetype="text/html">
        <acl entries="0" version="1"/>
    </resource>
    <resource type="XMLResource" name="icon.svg" owner="SYSTEM" group="dba" mode="644" created="2020-08-07T02:48:27-04:00" modified="2020-08-07T02:48:27-04:00" filename="icon.svg" mimetype="image/svg+xml">
        <acl entries="0" version="1"/>
    </resource>
    <resource type="XMLResource" name="existdb-styles.html" owner="SYSTEM" group="dba" mode="644" created="2020-08-07T02:48:27-04:00" modified="2020-08-07T02:48:27-04:00" filename="existdb-styles.html" mimetype="text/html">
        <acl entries="0" version="1"/>
    </resource>
    <resource type="XMLResource" name="config.xml" owner="SYSTEM" group="dba" mode="644" created="2020-08-07T02:48:27-04:00" modified="2020-08-07T02:48:27-04:00" filename="config.xml" mimetype="application/xml">
        <acl entries="0" version="1"/>
    </resource>
    <resource type="XMLResource" name="build.xml" owner="SYSTEM" group="dba" mode="644" created="2020-08-07T02:48:27-04:00" modified="2020-08-07T02:48:27-04:00" filename="build.xml" mimetype="application/xml">
        <acl entries="0" version="1"/>
    </resource>
    <resource type="XMLResource" name="doc.html" owner="SYSTEM" group="dba" mode="644" created="2020-08-07T02:48:27-04:00" modified="2020-08-07T02:48:27-04:00" filename="doc.html" mimetype="text/html">
        <acl entries="0" version="1"/>
    </resource>
    <resource type="XMLResource" name="login.html" owner="SYSTEM" group="dba" mode="644" created="2020-08-07T02:48:27-04:00" modified="2020-08-07T02:48:27-04:00" filename="login.html" mimetype="text/html">
        <acl entries="0" version="1"/>
    </resource>
    <resource type="BinaryResource" name="build.html" owner="SYSTEM" group="dba" mode="644" created="2020-08-07T02:48:27-04:00" modified="2020-08-07T02:48:27-04:00" filename="build.html" mimetype="text/html" blob-id="f10836bd6dabe0755be6eaea056cdb3609c43f0d822e3f1aca0fbc209cb23890">
        <acl entries="0" version="1"/>
    </resource>
    <resource type="BinaryResource" name="admin.xql" owner="SYSTEM" group="dba" mode="755" created="2020-08-07T02:48:27-04:00" modified="2020-08-07T02:48:27-04:00" filename="admin.xql" mimetype="application/xquery" blob-id="7131fbb80a08bdb1e283507b8feba6bec1ef6e640fd3473eb9b9a8e24b06e6c4">
        <acl entries="0" version="1"/>
    </resource>
    <resource type="BinaryResource" name="existdb-launcher.html" owner="SYSTEM" group="dba" mode="644" created="2020-08-07T02:48:27-04:00" modified="2020-08-07T02:48:27-04:00" filename="existdb-launcher.html" mimetype="text/html" blob-id="8a35c507f29ef338d8cbd2f82ecac053d399f84025d859cca80a32bf67c6cff0">
        <acl entries="0" version="1"/>
    </resource>
    <resource type="BinaryResource" name="existdb-package-descriptor.html" owner="SYSTEM" group="dba" mode="644" created="2020-08-07T02:48:27-04:00" modified="2020-08-07T02:48:27-04:00" filename="existdb-package-descriptor.html" mimetype="text/html" blob-id="bd3531a2b9e2c89a09deff38541e06cf75537268119e5baa4c4da293a36837d3">
        <acl entries="0" version="1"/>
    </resource>
    <resource type="BinaryResource" name="controller.xql" owner="SYSTEM" group="dba" mode="755" created="2020-08-07T02:48:27-04:00" modified="2020-08-07T02:48:27-04:00" filename="controller.xql" mimetype="application/xquery" blob-id="a267eed85adb55bb5dae35e2ce973bccd55ee1b3fc0022d18521d859117a732c">
        <acl entries="0" version="1"/>
    </resource>
    <resource type="BinaryResource" name="existdb-dashboard.html" owner="SYSTEM" group="dba" mode="644" created="2020-08-07T02:48:27-04:00" modified="2020-08-07T02:48:27-04:00" filename="existdb-dashboard.html" mimetype="text/html" blob-id="50036d356217a9cc277d846133e3fe109e1aaa6265a063e418a2decb008bf632">
        <acl entries="0" version="1"/>
    </resource>
    <resource type="BinaryResource" name="dependencies.html" owner="SYSTEM" group="dba" mode="644" created="2020-08-07T02:48:27-04:00" modified="2020-08-07T02:48:27-04:00" filename="dependencies.html" mimetype="text/html" blob-id="cb93051150318c007f6f69e1bcaf9357ca196a693af662b90e0daa0f30b149cd">
        <acl entries="0" version="1"/>
    </resource>
    <resource type="BinaryResource" name="existdb-local-packages.html" owner="SYSTEM" group="dba" mode="644" created="2020-08-07T02:48:27-04:00" modified="2020-08-07T02:48:27-04:00" filename="existdb-local-packages.html" mimetype="text/html" blob-id="bcee460735dd46c859348e48e54fa88b1f75c7b1cf2c62a4f078199ee8e29d0e">
        <acl entries="0" version="1"/>
    </resource>
    <resource type="BinaryResource" name="index.html" owner="SYSTEM" group="dba" mode="644" created="2020-08-07T02:48:27-04:00" modified="2020-08-07T02:48:27-04:00" filename="index.html" mimetype="text/html" blob-id="dee02363967df23f354d3a379c57f37026b4224882262ef3600bd045ad1622ae">
        <acl entries="0" version="1"/>
    </resource>
    <subcollection name="bower_components" filename="bower_components"/>
    <subcollection name="resources" filename="resources"/>
    <subcollection name="modules" filename="modules"/>
</collection>