<meta xmlns="http://exist-db.org/xquery/repo">
    <description>Dashboard</description>
    <author>Joern Turner</author>
    <website/>
    <status>stable</status>
    <license>GNU-LGPL</license>
    <copyright>true</copyright>
    <type>application</type>
    <target>dashboard</target>
    <prepare/>
    <finish/>
    <changelog>
        <change version="2.0.4">
            <ul xmls="http://www.w3.org/1999/xhtml">
                <li>Fixed: Small improvements - <a href="https://github.com/eXist-db/dashboard/pull/96">#96</a></li>
            </ul>
        </change>
        <change version="2.0.3">
            <ul xmls="http://www.w3.org/1999/xhtml">
                <li>Fixed: Login to dashboard fails if not in "dba" group - <a href="https://github.com/eXist-db/dashboard/issues/90">#90</a></li>
            </ul>
        </change>
        <change version="2.0.2">
            <ul xmls="http://www.w3.org/1999/xhtml">
                <li>Fixed: Switched from deprecated xmldb:get-current-user function to sm:id</li>
            </ul>
        </change>
        <change version="2.0.1">
            <ul xmls="http://www.w3.org/1999/xhtml">
                <li>Fixed: Update embedded package manager to work with eXist 5.0.0</li>
            </ul>
        </change>
        <change version="2.0.0">
            <ul xmls="http://www.w3.org/1999/xhtml">
                <li>First release of Dashboard v2.0.0 - <a href="https://github.com/eXist-db/existdb-dashboard/issues/15">#15</a></li>
            </ul>
        </change>
    </changelog>
<deployed>2020-08-07T02:48:30.097Z</deployed></meta>