<package xmlns="http://expath.org/ns/pkg" name="http://exist-db.org/apps/shared" abbrev="shared" version="0.8.4" spec="1.0">
    <title>Shared Resources: jquery, dojo, ace, templating, utilities</title>
    <dependency processor="http://exist-db.org" semver-min="3.0.4"/>
    <xquery>
        <namespace>http://exist-db.org/xquery/apps</namespace>
        <file>apputil.xql</file>
    </xquery>
    <xquery>
        <namespace>http://exist-db.org/xquery/templates</namespace>
        <file>templates.xql</file>
    </xquery>
    <xquery>
        <namespace>http://exist-db.org/apps/site-utils</namespace>
        <file>siteutils.xql</file>
    </xquery>
    <xquery>
        <namespace>http://exist-db.org/xquery/dbutil</namespace>
        <file>dbutils.xql</file>
    </xquery>
</package>