<apps>
    <app status="installed" removable="no">
        <title>Java Admin Client</title>
        <abbrev>webstart</abbrev>
        <version>1.0</version>
        <icon>resources/images/Java-icon.png</icon>
        <url>../../webstart/exist.jnlp</url>
        <type>application</type>
    </app>
    <app status="installed" role="dba">
        <title>Collections</title>
        <abbrev>browsing</abbrev>
        <version>1.0</version>
        <icon>resources/images/collections.png</icon>
        <url>plugin:browsing</url>
        <type>plugin</type>
    </app>
    <app status="installed" role="dba">
        <title>Shutdown</title>
        <abbrev>shutdown</abbrev>
        <version>1.0</version>
        <icon>resources/images/shutdown.png</icon>
        <url>plugin:shutdown</url>
        <type>plugin</type>
    </app>
    <app status="installed" role="dba">
        <title>Backup</title>
        <abbrev>backup</abbrev>
        <version>1.0</version>
        <icon>resources/images/backup.png</icon>
        <url>plugin:backup</url>
        <type>plugin</type>
    </app>
    <app status="installed" role="dba">
        <title>Package Manager</title>
        <abbrev>packageManager</abbrev>
        <version>1.0</version>
        <icon>resources/images/packages-128.png</icon>
        <url>plugin:packageManager</url>
        <type>plugin</type>
    </app>
    <app status="installed" role="dba">
        <title>Scheduler</title>
        <abbrev>scheduler</abbrev>
        <version>0.1</version>
        <icon>resources/images/package.png</icon>
        <url>plugin:scheduler</url>
        <type>plugin</type>
    </app>
    <app status="installed" role="dba">
        <title>User Manager</title>
        <abbrev>userManager</abbrev>
        <version>2.0</version>
        <icon>resources/images/usermanager.png</icon>
        <url>plugin:userManager</url>
        <type>plugin</type>
    </app>
    <!--app status="installed" role="dba">
        <title>Query Profiling</title>
        <abbrev>profiling</abbrev>
        <version>1.0</version>
        <icon>resources/images/package.png</icon>
        <url>plugin:profiling</url>
        <type>plugin</type>
    </app-->
</apps>