<collection xmlns="http://exist.sourceforge.net/NS/exist" name="/db/system/config/db" owner="SYSTEM" group="dba" mode="755" created="2020-08-07T01:27:59-04:00" deduplicate-blobs="false" version="2">
    <acl entries="0" version="1"/>
    <resource type="XMLResource" name="collection.xconf" owner="SYSTEM" group="dba" mode="644" created="2020-08-07T01:27:59-04:00" modified="2020-08-07T21:38:01-04:00" filename="collection.xconf" mimetype="application/xml">
        <acl entries="0" version="1"/>
    </resource>
    <subcollection name="apps" filename="apps"/>
    <subcollection name="blake" filename="blake"/>
    <subcollection name="fv-spinecoll" filename="fv-spinecoll"/>
    <subcollection name="hamilton" filename="hamilton"/>
    <subcollection name="letters" filename="letters"/>
    <subcollection name="literary" filename="literary"/>
    <subcollection name="mitford" filename="mitford"/>
    <subcollection name="Nelson" filename="Nelson"/>
    <subcollection name="newsAnalysis" filename="newsAnalysis"/>
    <subcollection name="waldenft" filename="waldenft"/>
    <subcollection name="tibetan" filename="tibetan"/>
    <subcollection name="system" filename="system"/>
    <subcollection name="blues" filename="blues"/>
</collection>