<collection xmlns="http://exist.sourceforge.net/NS/exist" name="/db/system/repo/functx-1.0.1" owner="SYSTEM" group="dba" mode="755" created="2020-08-07T02:48:22-04:00" deduplicate-blobs="false" version="2">
    <acl entries="0" version="1"/>
    <resource type="XMLResource" name="expath-pkg.xml" owner="SYSTEM" group="dba" mode="644" created="2020-08-07T02:48:22-04:00" modified="2020-08-07T02:48:22-04:00" filename="expath-pkg.xml" mimetype="application/xml">
        <acl entries="0" version="1"/>
    </resource>
    <resource type="XMLResource" name="repo.xml" owner="SYSTEM" group="dba" mode="644" created="2020-08-07T02:48:22-04:00" modified="2020-08-07T02:48:22-04:00" filename="repo.xml" mimetype="application/xml">
        <acl entries="0" version="1"/>
    </resource>
    <subcollection name="functx" filename="functx"/>
</collection>