<meta xmlns="http://exist-db.org/xquery/repo">
  <author>Priscilla Walmsley</author>
  <website>http://www.functx.com/</website>
  <license>GNU-LGPL</license>
  <copyright>true</copyright>
  <description>The FunctX XQuery/XSLT 2.0 function library is a set of reusable functions for XQuery 1.0 and XSLT 2.0. The project itself is an open source application and framework for developers to create function libraries. </description>
  <type>library</type>
  <status>stable</status>
<deployed>2020-08-07T02:48:22.986Z</deployed></meta>