<collection xmlns="http://exist.sourceforge.net/NS/exist" name="/db/system/config/db/newsAnalysis" owner="admin" group="dba" mode="755" created="2020-08-07T21:32:06-04:00" deduplicate-blobs="false" version="2">
    <acl entries="0" version="1"/>
    <resource type="XMLResource" name="collection.xconf" owner="admin" group="dba" mode="644" created="2020-08-07T21:32:17-04:00" modified="2020-08-07T21:37:25-04:00" filename="collection.xconf" mimetype="application/xml">
        <acl entries="0" version="1"/>
    </resource>
    <subcollection name="electionResults" filename="electionResults"/>
    <subcollection name="syrianBombings" filename="syrianBombings"/>
    <subcollection name="travelBan" filename="travelBan"/>
    <subcollection name="trumpsTaxes" filename="trumpsTaxes"/>
    <subcollection name="womensMarch" filename="womensMarch"/>
</collection>